patron_id,patron_status,is_active,is_paying,is_free_member,tier,pledge_usd,lifetime_usd,charge_frequency,subscription_source,started_at,cohort_month,last_charge_at,last_charge_status,access_expires_at,next_charge_at,last_updated_at,tenure_days
PATRON_0001,,FALSE,FALSE,Yes,Free,0,0,,Patreon,8/20/2024 21:29,2024-08,,,,,11/4/2025 6:42,610
PATRON_0002,,FALSE,FALSE,Yes,Free,0,0,,Patreon,5/7/2024 20:14,2024-05,,,,,11/2/2025 12:35,715
PATRON_0003,Former patron,FALSE,FALSE,Yes,Free,0,10,monthly,Patreon,7/19/2025 5:43,2025-07,8/20/2025 0:21,Paid,9/20/2025,9/20/2025,10/31/2025 6:01,104
PATRON_0004,Active patron,TRUE,TRUE,No,Full Rewards,5,21.83,monthly,Patreon,1/8/2026 16:19,2026-01,4/8/2026 0:28,Paid,,5/8/2026,4/8/2026 12:49,104
PATRON_0005,Active patron,TRUE,TRUE,No,Full Rewards,5,45,monthly,Patreon,2/24/2025 17:13,2025-02,4/13/2026 12:40,Paid,,5/14/2026,4/13/2026 14:55,422
PATRON_0006,Active patron,TRUE,TRUE,No,Full Rewards,5,18,monthly,Patreon,5/4/2025 15:09,2025-05,4/14/2026 7:26,Paid,5/15/2026,5/15/2026,4/14/2026 9:41,353
PATRON_0007,Former patron,FALSE,FALSE,Yes,Free,0,25,monthly,Patreon,10/5/2024 1:32,2024-10,11/25/2025 14:10,Paid,12/26/2025,12/26/2025,12/26/2025 0:34,446
PATRON_0008,Former patron,FALSE,TRUE,No,Full Rewards,5,5,monthly,Patreon,10/7/2024 20:19,2024-10,10/7/2024 20:19,Paid,11/8/2024,11/8/2024,10/30/2025 9:37,387
PATRON_0009,Former patron,FALSE,FALSE,Yes,Free,0,30,monthly,Patreon,10/6/2024 18:13,2024-10,3/10/2025 0:53,Paid,4/10/2025,4/10/2025,3/11/2026 0:20,520
PATRON_0010,Active patron,TRUE,TRUE,No,Full Rewards,5,15,monthly,Patreon,4/22/2024 2:48,2024-04,4/4/2026 0:38,Paid,,5/4/2026,4/4/2026 7:20,730
PATRON_0011,Former patron,FALSE,TRUE,No,Full Rewards,5,3,monthly,Patreon,5/3/2025 21:32,2025-05,5/3/2025 21:32,Paid,6/4/2025,6/4/2025,10/31/2025 6:01,180
PATRON_0012,Former patron,FALSE,FALSE,Yes,Free,0,225,monthly,Patreon,8/21/2024 21:51,2024-08,1/22/2025 0:44,Paid,2/22/2025,2/22/2025,11/5/2025 11:41,440
PATRON_0013,,FALSE,FALSE,Yes,Free,0,0,,Patreon,11/2/2024 16:02,2024-11,,,,,10/30/2025 9:37,536
PATRON_0014,,FALSE,FALSE,Yes,Free,0,0,,Patreon,6/24/2024 15:58,2024-06,,,,,11/5/2025 11:41,667
PATRON_0015,Former patron,FALSE,FALSE,Yes,Free,0,30,monthly,Patreon,8/3/2024 13:12,2024-08,1/4/2025 0:43,Paid,2/4/2025,2/4/2025,10/31/2025 6:01,453
PATRON_0016,Former patron,FALSE,FALSE,Yes,Free,0,5.25,monthly,Patreon,1/14/2026 17:19,2026-01,1/14/2026 17:19,Paid,2/14/2026,2/14/2026,2/14/2026 0:55,30
PATRON_0017,Active patron,TRUE,TRUE,No,VIP Rewards,10,75,monthly,Patreon,11/2/2024 4:33,2024-11,4/15/2026 0:32,Paid,,5/15/2026,4/15/2026 2:40,536
PATRON_0018,Former patron,FALSE,FALSE,Yes,Free,0,10,monthly,Patreon,3/22/2025 20:40,2025-03,2/6/2026 22:18,Paid,3/6/2026,3/6/2026,3/6/2026 0:46,348
PATRON_0019,,FALSE,FALSE,Yes,Free,0,0,,Patreon,9/29/2024 15:56,2024-09,,,,,10/31/2025 6:01,570
PATRON_0020,Former patron,FALSE,TRUE,No,Full Rewards,5,25,monthly,Patreon,12/29/2024 7:14,2024-12,4/28/2025 2:39,Paid,5/28/2025,5/28/2025,11/5/2025 11:41,311
PATRON_0021,Active patron,TRUE,TRUE,No,Full Rewards,5,50,monthly,Patreon,11/21/2024 10:35,2024-11,4/11/2026 18:48,Paid,,5/12/2026,4/11/2026 21:03,517
PATRON_0022,Active patron,TRUE,FALSE,Yes,Free,0,10,monthly,Patreon,8/31/2025 18:24,2025-08,4/5/2026 20:24,Paid,5/6/2026,5/6/2026,4/6/2026 3:11,234
PATRON_0023,,FALSE,FALSE,Yes,Free,0,0,,Patreon,12/7/2025 14:30,2025-12,,,,,12/7/2025 14:30,136
PATRON_0024,Former patron,FALSE,TRUE,No,Commission,100,150,monthly,Patreon,1/11/2025 19:57,2025-01,4/15/2025 9:52,Paid,5/11/2025,5/11/2025,11/2/2025 12:35,294
PATRON_0025,Former patron,FALSE,FALSE,Yes,Free,0,10,monthly,Patreon,2/2/2025 9:58,2025-02,12/31/2025 0:13,Paid,1/31/2026,1/31/2026,1/31/2026 0:24,362
PATRON_0026,Former patron,FALSE,FALSE,Yes,Free,0,35,monthly,Patreon,5/7/2024 14:35,2024-05,11/8/2024 0:24,Paid,12/8/2024,12/8/2024,11/2/2025 12:35,543
PATRON_0027,,FALSE,FALSE,Yes,Free,0,0,,Patreon,4/23/2024 4:42,2024-04,,,,,10/30/2025 9:37,729
PATRON_0028,Former patron,FALSE,FALSE,Yes,Free,0,15,monthly,Patreon,4/22/2025 9:12,2025-04,1/4/2026 0:34,Paid,2/4/2026,2/4/2026,2/4/2026 0:04,287
PATRON_0029,Active patron,TRUE,TRUE,No,Full Rewards,5,70,monthly,Patreon,3/8/2025 4:58,2025-03,4/9/2026 0:23,Paid,,5/9/2026,4/9/2026 11:11,410
PATRON_0030,Active patron,TRUE,TRUE,No,Full Rewards,5,15,monthly,Patreon,2/9/2026 20:08,2026-02,4/9/2026 0:27,Paid,,5/9/2026,4/9/2026 11:11,72
PATRON_0031,Former patron,FALSE,TRUE,No,Full Rewards,5,10,monthly,Patreon,2/7/2026 1:59,2026-02,3/7/2026 0:27,Paid,4/7/2026,4/7/2026,4/7/2026 0:55,58
PATRON_0032,Former patron,FALSE,FALSE,Yes,Free,0,10,monthly,Patreon,11/2/2024 12:02,2024-11,12/3/2024 0:48,Paid,1/3/2025,1/3/2025,11/2/2025 12:35,365
PATRON_0033,Former patron,FALSE,TRUE,No,Full Rewards,5,135,monthly,Patreon,11/10/2024 19:25,2024-11,3/8/2026 22:23,Paid,4/9/2026,4/9/2026,4/9/2026 0:00,514
PATRON_0034,Active patron,TRUE,FALSE,Yes,Free,0,5,monthly,Patreon,4/12/2026 19:02,2026-04,4/12/2026 19:02,Paid,5/12/2026,5/12/2026,4/12/2026 20:26,10
PATRON_0035,Former patron,FALSE,FALSE,Yes,Free,0,5,monthly,Patreon,9/8/2025 13:55,2025-09,9/8/2025 13:55,Paid,10/8/2025,10/8/2025,11/5/2025 11:41,57
PATRON_0036,Former patron,FALSE,FALSE,Yes,Free,0,61.92,monthly,Patreon,5/17/2024 9:11,2024-05,3/4/2026 0:20,Paid,4/4/2026,4/4/2026,4/4/2026 0:33,686
PATRON_0037,Former patron,FALSE,FALSE,Yes,Free,0,20,monthly,Patreon,9/20/2024 13:33,2024-09,12/21/2024 0:35,Paid,1/21/2025,1/21/2025,10/31/2025 6:01,405
PATRON_0038,Former patron,FALSE,FALSE,Yes,Free,0,15,monthly,Patreon,11/24/2024 4:10,2024-11,3/28/2025 5:08,Paid,4/29/2025,4/29/2025,10/30/2025 9:37,340
PATRON_0039,,FALSE,FALSE,Yes,Free,0,0,,Patreon,8/7/2025 23:03,2025-08,,,,,11/5/2025 11:41,258
PATRON_0040,,FALSE,FALSE,Yes,Free,0,0,,Patreon,9/28/2025 16:41,2025-09,,,,,11/2/2025 12:35,206
PATRON_0041,Active patron,TRUE,TRUE,No,Full Rewards,5,26.5,monthly,Patreon,6/29/2024 13:43,2024-06,3/28/2026 0:26,Paid,4/28/2026,4/28/2026,4/21/2026 1:42,662
PATRON_0042,,FALSE,FALSE,Yes,Free,0,0,,Patreon,1/9/2025 7:46,2025-01,,,,,10/31/2025 6:01,468
PATRON_0043,Active patron,TRUE,TRUE,No,Full Rewards,5,65,monthly,Patreon,4/4/2025 15:25,2025-04,4/5/2026 0:23,Paid,,5/5/2026,4/5/2026 7:58,383
PATRON_0044,Former patron,FALSE,FALSE,Yes,Free,0,5,monthly,Patreon,10/6/2025 0:31,2025-10,10/6/2025 0:31,Paid,11/6/2025,11/6/2025,11/6/2025 0:41,31
PATRON_0045,Former patron,FALSE,FALSE,Yes,Free,0,35,monthly,Patreon,9/21/2024 5:52,2024-09,3/22/2025 0:35,Paid,4/22/2025,4/22/2025,11/4/2025 6:42,409
PATRON_0046,Former patron,FALSE,TRUE,No,Full Rewards,5,5,monthly,Patreon,10/5/2024 4:46,2024-10,10/5/2024 4:46,Paid,11/5/2024,11/5/2024,11/4/2025 6:42,395
PATRON_0047,Former patron,FALSE,FALSE,Yes,Free,0,5,monthly,Patreon,7/15/2025 12:04,2025-07,7/15/2025 12:04,Paid,8/16/2025,8/16/2025,11/2/2025 12:35,110
PATRON_0048,,FALSE,FALSE,Yes,Free,0,0,,Patreon,11/6/2024 1:38,2024-11,,,,,11/2/2025 12:35,532
PATRON_0049,Former patron,FALSE,TRUE,No,Full Rewards,5,5,monthly,Patreon,9/12/2024 19:31,2024-09,9/12/2024 19:31,Paid,10/13/2024,10/13/2024,10/31/2025 6:01,413
PATRON_0050,Active patron,TRUE,TRUE,No,Full Rewards,5,40,monthly,Patreon,8/26/2025 2:16,2025-08,3/26/2026 0:13,Paid,,4/26/2026,3/26/2026 7:22,239
PATRON_0051,Active patron,TRUE,TRUE,No,Full Rewards,5,90,monthly,Patreon,10/26/2024 13:19,2024-10,3/27/2026 0:21,Paid,,4/27/2026,3/27/2026 10:05,543
PATRON_0052,Active patron,TRUE,TRUE,No,Full Rewards,5,12.02,monthly,Patreon,3/9/2026 13:42,2026-03,4/15/2026 9:21,Paid,,5/10/2026,4/16/2026 13:38,44
PATRON_0053,Active patron,TRUE,TRUE,No,Full Rewards,5,5,monthly,Patreon,4/4/2026 18:21,2026-04,4/4/2026 18:21,Paid,5/5/2026,5/5/2026,4/10/2026 22:01,18
PATRON_0054,,FALSE,FALSE,Yes,Free,0,0,,Patreon,8/21/2024 18:58,2024-08,,,,,11/4/2025 6:42,609
PATRON_0055,Active patron,TRUE,TRUE,No,Full Rewards,5,5,monthly,Patreon,4/7/2026 0:00,2026-04,4/7/2026 0:00,Paid,,5/7/2026,4/7/2026 2:15,16
PATRON_0056,Active patron,TRUE,TRUE,No,Full Rewards,5,105,monthly,Patreon,8/13/2024 2:22,2024-08,4/13/2026 0:15,Paid,,5/13/2026,4/13/2026 8:14,617
PATRON_0057,Active patron,TRUE,TRUE,No,Full Rewards,5,125,monthly,Patreon,4/22/2024 0:41,2024-04,4/22/2026 0:28,Paid,,5/22/2026,4/22/2026 13:11,730
PATRON_0058,Active patron,TRUE,TRUE,No,Full Rewards,5,47.5,monthly,Patreon,5/14/2025 12:56,2025-05,3/26/2026 0:32,Paid,,4/26/2026,3/26/2026 7:22,343
PATRON_0059,Active patron,TRUE,FALSE,Yes,Free,0,90,monthly,Patreon,8/23/2024 19:50,2024-08,3/28/2026 0:36,Paid,4/28/2026,4/28/2026,4/16/2026 20:18,607
PATRON_0060,Former patron,FALSE,TRUE,No,Full Rewards,5,2.5,monthly,Patreon,1/29/2025 19:04,2025-01,1/29/2025 19:04,Paid,3/1/2025,3/1/2025,11/5/2025 11:41,279
PATRON_0061,,FALSE,FALSE,Yes,Free,0,0,,Patreon,1/11/2026 22:56,2026-01,,,,,1/11/2026 22:56,101
PATRON_0062,,FALSE,FALSE,Yes,Free,0,0,,Patreon,8/31/2025 16:52,2025-08,,,,,11/4/2025 6:42,234
PATRON_0063,Active patron,TRUE,TRUE,No,Full Rewards,5,5,monthly,Patreon,4/15/2026 2:12,2026-04,4/15/2026 2:12,Paid,,5/15/2026,4/15/2026 4:27,7
PATRON_0064,,FALSE,FALSE,Yes,Free,0,0,,Patreon,8/2/2024 11:07,2024-08,,,,,10/31/2025 6:01,628
PATRON_0065,Active patron,TRUE,TRUE,No,Full Rewards,5,235,monthly,Patreon,10/12/2024 1:52,2024-10,4/10/2026 0:36,Paid,,5/10/2026,4/10/2026 6:40,557
PATRON_0066,Active patron,TRUE,TRUE,No,Full Rewards,5,100,monthly,Patreon,9/1/2024 17:13,2024-09,4/2/2026 0:16,Paid,,5/2/2026,4/2/2026 8:55,598
PATRON_0067,,FALSE,FALSE,Yes,Free,0,0,,Patreon,8/24/2024 4:19,2024-08,,,,,10/30/2025 9:37,606
PATRON_0068,Former patron,FALSE,FALSE,Yes,Free,0,10,monthly,Patreon,5/29/2025 9:55,2025-05,6/29/2025 0:09,Paid,7/29/2025,7/29/2025,11/5/2025 11:41,160
PATRON_0069,Former patron,FALSE,FALSE,Yes,Free,0,5,monthly,Patreon,7/13/2025 18:28,2025-07,7/13/2025 18:28,Paid,8/14/2025,8/14/2025,11/5/2025 11:41,114
PATRON_0070,,FALSE,FALSE,Yes,Free,0,0,,Patreon,1/15/2025 21:57,2025-01,,,,,11/4/2025 6:42,462
PATRON_0071,,FALSE,FALSE,Yes,Free,0,0,,Patreon,5/24/2025 14:04,2025-05,,,,,11/4/2025 6:42,333
PATRON_0072,Active patron,TRUE,TRUE,No,Full Rewards,5,72.5,monthly,Patreon,2/3/2025 6:44,2025-02,4/4/2026 0:19,Paid,,5/4/2026,4/4/2026 7:20,443
PATRON_0073,Former patron,FALSE,TRUE,No,Full Rewards,5,208.04,monthly,Patreon,4/14/2024 13:59,2024-04,3/14/2025 0:35,Paid,4/14/2025,4/14/2025,10/31/2025 6:01,564
PATRON_0074,Former patron,FALSE,TRUE,No,Full Rewards,5,10,monthly,Patreon,1/6/2026 23:25,2026-01,2/23/2026 2:11,Paid,3/6/2026,3/6/2026,3/30/2026 0:24,82
PATRON_0075,,FALSE,FALSE,Yes,Free,0,0,,Patreon,6/28/2024 17:39,2024-06,,,,,11/4/2025 6:42,663
PATRON_0076,Former patron,FALSE,TRUE,No,Full Rewards,5,5,monthly,Patreon,1/26/2025 21:28,2025-01,1/26/2025 21:28,Paid,2/26/2025,2/26/2025,10/31/2025 1:17,277
PATRON_0077,,FALSE,FALSE,Yes,Free,0,0,,Patreon,8/30/2025 14:41,2025-08,,,,,12/31/2025 1:21,235
PATRON_0078,Former patron,FALSE,FALSE,Yes,Free,0,65,monthly,Patreon,10/16/2024 6:57,2024-10,10/30/2025 2:05,Paid,11/17/2025,11/17/2025,12/9/2025 6:39,418
PATRON_0079,,FALSE,FALSE,Yes,Free,0,0,,Patreon,8/5/2025 5:58,2025-08,,,,,11/2/2025 12:35,260
PATRON_0080,,FALSE,FALSE,Yes,Free,0,0,,Patreon,7/20/2024 18:16,2024-07,,,,,11/5/2025 11:41,641
PATRON_0081,Active patron,TRUE,TRUE,No,Full Rewards,5,35,monthly,Patreon,9/22/2025 22:42,2025-09,4/23/2026 0:34,Paid,,5/23/2026,4/23/2026 0:34,212
PATRON_0082,,FALSE,FALSE,Yes,Free,0,0,,Patreon,8/20/2024 22:21,2024-08,,,,,11/5/2025 11:41,610
PATRON_0083,Former patron,FALSE,FALSE,Yes,Free,0,5,monthly,Patreon,1/10/2025 18:32,2025-01,1/10/2025 18:32,Paid,2/11/2025,2/11/2025,11/4/2025 6:42,297
PATRON_0084,,FALSE,FALSE,Yes,Free,0,0,,Patreon,11/9/2025 12:18,2025-11,,,,,11/9/2025 12:18,164
PATRON_0085,Active patron,TRUE,TRUE,No,Full Rewards,5,10,monthly,Patreon,3/9/2026 15:57,2026-03,4/9/2026 0:19,Paid,,5/9/2026,4/9/2026 11:11,44
PATRON_0086,Former patron,FALSE,TRUE,No,Full Rewards,5,5,monthly,Patreon,6/24/2025 9:19,2025-06,6/24/2025 9:19,Paid,7/25/2025,7/25/2025,11/5/2025 11:41,134
PATRON_0087,Former patron,FALSE,TRUE,No,Full Rewards,5,15,monthly,Patreon,3/30/2025 6:36,2025-03,6/1/2025 3:17,Paid,7/1/2025,7/1/2025,11/4/2025 6:42,219
PATRON_0088,Active patron,TRUE,TRUE,No,Full Rewards,5,72.5,monthly,Patreon,2/1/2025 15:37,2025-02,4/2/2026 0:39,Paid,,5/2/2026,4/2/2026 8:55,445
PATRON_0089,Former patron,FALSE,TRUE,No,Full Rewards,5,60,monthly,Patreon,12/22/2024 14:01,2024-12,2/11/2026 0:23,Paid,3/11/2026,3/11/2026,3/11/2026 0:45,443
PATRON_0090,Active patron,TRUE,TRUE,No,Full Rewards,5,17.5,monthly,Patreon,12/14/2025 14:12,2025-12,4/3/2026 19:26,Paid,5/4/2026,5/4/2026,4/6/2026 21:29,129
PATRON_0091,Former patron,FALSE,FALSE,Yes,Free,0,25,monthly,Patreon,3/26/2025 17:33,2025-03,9/26/2025 2:44,Declined,8/27/2025,8/27/2025,4/8/2026 22:07,378
PATRON_0092,,FALSE,FALSE,Yes,Free,0,0,,Patreon,4/19/2024 13:50,2024-04,,,,,11/4/2025 6:42,733
PATRON_0093,,FALSE,FALSE,Yes,Free,0,0,,Patreon,11/28/2025 7:23,2025-11,,,,,11/28/2025 7:23,145
PATRON_0094,Former patron,FALSE,TRUE,No,Full Rewards,5,9,monthly,Patreon,6/15/2025 7:37,2025-06,7/25/2025 2:26,Paid,8/16/2025,8/16/2025,10/30/2025 9:37,137
PATRON_0095,Active patron,TRUE,TRUE,No,Full Rewards,5,90,monthly,Patreon,11/20/2024 19:15,2024-11,4/21/2026 0:28,Paid,,5/21/2026,4/21/2026 7:25,518
PATRON_0096,,FALSE,FALSE,Yes,Free,0,0,,Patreon,5/10/2024 4:38,2024-05,,,,,11/4/2025 6:42,712
PATRON_0097,Former patron,FALSE,FALSE,Yes,Free,0,12.5,monthly,Patreon,7/18/2024 2:41,2024-07,2/8/2025 11:36,Paid,3/9/2025,3/9/2025,10/31/2025 6:01,470
PATRON_0098,Former patron,FALSE,TRUE,No,Full Rewards,5,10,monthly,Patreon,10/6/2025 8:28,2025-10,11/6/2025 0:05,Paid,12/6/2025,12/6/2025,12/6/2025 0:50,60
PATRON_0099,,FALSE,FALSE,Yes,Free,0,0,,Patreon,3/6/2026 23:34,2026-03,,,,,3/6/2026 23:34,47
PATRON_0100,Former patron,FALSE,TRUE,No,Full Rewards,5,5,monthly,Patreon,6/25/2024 1:53,2024-06,6/25/2024 1:53,Paid,7/25/2024,7/25/2024,11/5/2025 11:41,498
PATRON_0101,Declined patron,FALSE,TRUE,No,VIP Rewards,1557.77,468,annual,Patreon,1/21/2025 2:07,2025-01,,,9/28/2026,9/28/2026,11/2/2025 12:35,456
PATRON_0102,Former patron,FALSE,TRUE,No,Full Rewards,5,5,monthly,Patreon,2/21/2025 4:24,2025-02,2/21/2025 4:24,Paid,3/21/2025,3/21/2025,11/2/2025 12:35,254
PATRON_0103,Active patron,TRUE,FALSE,Yes,Free,0,10.49,monthly,Patreon,12/3/2024 12:55,2024-12,4/8/2026 15:17,Paid,5/8/2026,5/8/2026,4/23/2026 8:32,505
PATRON_0104,Former patron,FALSE,FALSE,Yes,Free,0,60,monthly,Patreon,4/2/2025 4:34,2025-04,3/2/2026 0:10,Paid,4/2/2026,4/2/2026,4/2/2026 0:58,364
PATRON_0105,Former patron,FALSE,FALSE,Yes,Free,0,45,monthly,Patreon,8/5/2024 23:40,2024-08,4/11/2025 1:11,Paid,5/11/2025,5/11/2025,10/31/2025 6:01,451
PATRON_0106,Active patron,TRUE,TRUE,No,Full Rewards,5,5,monthly,Patreon,4/10/2026 1:20,2026-04,4/10/2026 1:20,Paid,,5/10/2026,4/10/2026 6:40,12
PATRON_0107,Former patron,FALSE,FALSE,Yes,Free,0,50,monthly,Patreon,3/24/2025 17:59,2025-03,3/24/2025 18:00,Paid,4/24/2025,4/24/2025,11/5/2025 11:41,225
PATRON_0108,Former patron,FALSE,TRUE,No,Full Rewards,5,5,monthly,Patreon,2/20/2026 17:31,2026-02,2/20/2026 17:31,Paid,3/21/2026,3/21/2026,3/21/2026 0:15,28
PATRON_0109,,FALSE,FALSE,Yes,Free,0,0,,Patreon,5/16/2025 3:35,2025-05,,,,,11/4/2025 6:42,341
PATRON_0110,Active patron,TRUE,TRUE,No,Full Rewards,5,30,monthly,Patreon,7/14/2025 6:37,2025-07,4/14/2026 0:32,Paid,,5/14/2026,4/14/2026 5:24,282
PATRON_0111,Former patron,FALSE,TRUE,No,Commission,263,511,monthly,Patreon,11/14/2024 1:06,2024-11,4/16/2025 11:47,Paid,5/17/2025,5/17/2025,11/4/2025 6:42,355
PATRON_0112,Former patron,FALSE,FALSE,Yes,Free,0,25,monthly,Patreon,7/3/2025 21:43,2025-07,11/4/2025 0:20,Paid,12/4/2025,12/4/2025,12/4/2025 0:04,153
PATRON_0113,Former patron,FALSE,TRUE,No,Full Rewards,5,35,monthly,Patreon,11/7/2024 4:09,2024-11,5/7/2025 1:08,Paid,6/7/2025,6/7/2025,11/2/2025 12:35,360
PATRON_0114,Former patron,FALSE,TRUE,No,Full Rewards,5,5.48,monthly,Patreon,7/15/2025 0:08,2025-07,7/15/2025 0:08,Paid,8/15/2025,8/15/2025,10/30/2025 9:37,107
PATRON_0115,,FALSE,FALSE,Yes,Free,0,0,,Patreon,8/2/2025 7:24,2025-08,,,,,11/5/2025 11:41,263
PATRON_0116,,FALSE,FALSE,Yes,Free,0,0,,Patreon,3/26/2026 3:02,2026-03,,,,,3/26/2026 3:02,27
PATRON_0117,Former patron,FALSE,FALSE,Yes,Free,0,5,monthly,Patreon,7/13/2025 18:50,2025-07,7/13/2025 18:50,Paid,8/14/2025,8/14/2025,11/2/2025 12:35,111
PATRON_0118,Active patron,TRUE,FALSE,Yes,Free,0,5,monthly,Patreon,3/27/2026 9:25,2026-03,3/27/2026 9:25,Paid,4/27/2026,4/27/2026,3/27/2026 11:40,26
PATRON_0119,Former patron,FALSE,TRUE,No,Full Rewards,5,15,monthly,Patreon,8/9/2024 16:13,2024-08,10/10/2024 0:47,Paid,11/10/2024,11/10/2024,10/31/2025 6:01,447
PATRON_0120,Former patron,FALSE,TRUE,No,Full Rewards,5,5,monthly,Patreon,9/27/2025 0:10,2025-09,9/27/2025 23:33,Paid,10/28/2025,10/28/2025,11/5/2025 11:41,39
PATRON_0121,Former patron,FALSE,TRUE,No,Full Rewards,5,5.45,monthly,Patreon,12/23/2025 20:31,2025-12,12/23/2025 20:32,Paid,1/24/2026,1/24/2026,3/5/2026 6:47,71
PATRON_0122,Former patron,FALSE,FALSE,Yes,Free,0,5,monthly,Patreon,11/19/2025 22:57,2025-11,11/19/2025 22:57,Paid,12/20/2025,12/20/2025,12/20/2025 0:08,30
PATRON_0123,Former patron,FALSE,FALSE,Yes,Free,0,60,monthly,Patreon,8/25/2025 20:03,2025-08,8/25/2025 20:03,Paid,9/26/2025,9/26/2025,10/31/2025 6:01,66
PATRON_0124,Former patron,FALSE,FALSE,Yes,Free,0,10,monthly,Patreon,11/4/2024 2:18,2024-11,12/4/2024 1:04,Paid,1/4/2025,1/4/2025,10/30/2025 9:37,360
PATRON_0125,Former patron,FALSE,TRUE,No,VIP Rewards,10,108,monthly,Patreon,6/8/2024 17:51,2024-06,11/26/2025 0:22,Paid,12/26/2025,12/26/2025,12/26/2025 0:07,565
PATRON_0126,Active patron,TRUE,TRUE,No,Full Rewards,5,82.06,monthly,Patreon,11/15/2024 5:36,2024-11,4/23/2026 0:17,Paid,,5/23/2026,4/23/2026 3:06,523
PATRON_0127,,FALSE,FALSE,Yes,Free,0,0,,Patreon,10/5/2025 11:14,2025-10,,,,,10/31/2025 6:01,199
PATRON_0128,,FALSE,FALSE,Yes,Free,0,0,,Patreon,7/2/2025 23:57,2025-07,,,,,11/5/2025 11:41,294
PATRON_0129,,FALSE,FALSE,Yes,Free,0,0,,Patreon,8/28/2024 18:11,2024-08,,,,,11/2/2025 12:35,602
PATRON_0130,,FALSE,FALSE,Yes,Free,0,0,,Patreon,5/18/2025 6:01,2025-05,,,,,10/31/2025 6:01,339
PATRON_0131,Former patron,FALSE,FALSE,Yes,Free,0,30,monthly,Patreon,8/4/2024 21:18,2024-08,1/5/2025 0:45,Paid,2/5/2025,2/5/2025,10/30/2025 9:37,451
PATRON_0132,Former patron,FALSE,TRUE,No,Full Rewards,5,5,monthly,Patreon,12/15/2024 15:17,2024-12,12/15/2024 15:17,Paid,1/16/2025,1/16/2025,11/5/2025 11:41,324
PATRON_0133,Former patron,FALSE,FALSE,Yes,Free,0,5.11,monthly,Patreon,1/14/2025 5:00,2025-01,1/14/2025 5:00,Paid,2/15/2025,2/15/2025,10/30/2025 9:37,289
PATRON_0134,Active patron,TRUE,TRUE,No,Full Rewards,5,25.75,monthly,Patreon,12/7/2024 4:24,2024-12,4/1/2026 13:32,Paid,,5/1/2026,4/1/2026 15:48,501
PATRON_0135,Former patron,FALSE,TRUE,No,Full Rewards,5,60,monthly,Patreon,10/10/2024 5:41,2024-10,9/11/2025 0:23,Paid,10/11/2025,10/11/2025,10/31/2025 6:01,386
PATRON_0136,Active patron,TRUE,TRUE,No,Full Rewards,5,5,monthly,Patreon,4/5/2026 14:27,2026-04,4/5/2026 14:27,Paid,5/5/2026,5/5/2026,4/11/2026 13:01,17
PATRON_0137,,FALSE,FALSE,Yes,Free,0,0,,Patreon,12/20/2025 18:26,2025-12,,,,,12/20/2025 18:26,123
PATRON_0138,Former patron,FALSE,FALSE,Yes,Free,0,5,monthly,Patreon,12/5/2025 10:30,2025-12,12/5/2025 10:30,Paid,1/5/2026,1/5/2026,1/5/2026 0:13,30
PATRON_0139,Former patron,FALSE,FALSE,Yes,Free,0,15,monthly,Patreon,4/4/2025 5:12,2025-04,6/4/2025 0:06,Paid,7/4/2025,7/4/2025,11/5/2025 11:41,215
PATRON_0140,,FALSE,FALSE,Yes,Free,0,0,,Patreon,7/21/2025 19:02,2025-07,,,,,11/5/2025 11:41,275
PATRON_0141,Former patron,FALSE,FALSE,Yes,Free,0,5,monthly,Patreon,12/26/2024 22:06,2024-12,12/26/2024 22:06,Paid,1/27/2025,1/27/2025,11/5/2025 11:41,313
PATRON_0142,Former patron,FALSE,TRUE,No,Full Rewards,5,10,monthly,Patreon,11/9/2024 7:25,2024-11,12/9/2024 0:46,Paid,1/9/2025,1/9/2025,11/5/2025 11:41,361
PATRON_0143,Active patron,TRUE,TRUE,No,Full Rewards,5,80,monthly,Patreon,12/25/2024 22:49,2024-12,3/26/2026 0:14,Paid,,4/26/2026,3/26/2026 7:22,483
PATRON_0144,,FALSE,FALSE,Yes,Free,0,0,,Patreon,2/13/2025 17:36,2025-02,,,,,10/31/2025 6:01,433
PATRON_0145,Former patron,FALSE,FALSE,Yes,Free,0,5,monthly,Patreon,6/17/2024 16:26,2024-06,6/17/2024 16:26,Paid,7/18/2024,7/18/2024,10/31/2025 6:01,500
PATRON_0146,Former patron,FALSE,FALSE,Yes,Free,0,60,monthly,Patreon,8/9/2024 10:19,2024-08,7/10/2025 0:09,Paid,8/10/2025,8/10/2025,10/31/2025 6:00,447
PATRON_0147,Former patron,FALSE,TRUE,No,Full Rewards,5,5,monthly,Patreon,11/7/2025 19:07,2025-11,11/7/2025 19:07,Paid,12/8/2025,12/8/2025,3/25/2026 22:34,138
PATRON_0148,Former patron,FALSE,FALSE,Yes,Free,0,15,monthly,Patreon,12/18/2024 6:13,2024-12,4/18/2025 2:38,Declined,3/19/2025,3/19/2025,4/8/2026 22:05,476
PATRON_0149,Active patron,TRUE,TRUE,No,Full Rewards,5,25,monthly,Patreon,12/22/2025 6:56,2025-12,4/23/2026 0:36,Paid,,5/23/2026,4/23/2026 3:06,121
PATRON_0150,Former patron,FALSE,FALSE,Yes,Free,0,10.75,monthly,Patreon,6/28/2024 20:31,2024-06,10/29/2024 23:35,Paid,11/30/2024,11/30/2024,10/31/2025 6:00,489
PATRON_0151,Former patron,FALSE,FALSE,Yes,Free,0,236,monthly,Patreon,6/25/2024 9:52,2024-06,7/31/2024 11:58,Paid,8/31/2024,8/31/2024,10/30/2025 9:37,491
PATRON_0152,,FALSE,FALSE,Yes,Free,0,0,,Patreon,8/11/2024 13:08,2024-08,,,,,10/31/2025 6:00,619
PATRON_0153,Former patron,FALSE,TRUE,No,Full Rewards,5,10,monthly,Patreon,1/4/2025 1:47,2025-01,4/3/2025 2:16,Declined,3/4/2025,3/4/2025,12/5/2025 12:21,335
PATRON_0154,Former patron,FALSE,FALSE,Yes,Free,0,2.5,monthly,Patreon,2/11/2025 5:37,2025-02,2/11/2025 5:37,Paid,3/12/2025,3/12/2025,11/4/2025 6:42,266
PATRON_0155,Active patron,TRUE,TRUE,No,Full Rewards,50.4,100.8,annual,Patreon,11/7/2024 10:11,2024-11,11/8/2025 0:21,Paid,,11/8/2026,11/8/2025 2:52,531
PATRON_0156,Former patron,FALSE,TRUE,No,Full Rewards,5,7.5,monthly,Patreon,1/30/2025 3:41,2025-01,3/1/2025 1:01,Paid,4/1/2025,4/1/2025,11/4/2025 6:42,278
PATRON_0157,Former patron,FALSE,TRUE,No,Full Rewards,8.52,8.52,monthly,Apple in-app subscriptions,4/27/2025 22:40,2025-04,4/27/2025 22:40,Paid,5/27/2025,5/27/2025,10/30/2025 9:37,185
PATRON_0158,,FALSE,FALSE,Yes,Free,0,0,,Patreon,3/31/2025 15:18,2025-03,,,,,10/31/2025 6:00,387
PATRON_0159,Former patron,FALSE,FALSE,Yes,Free,0,5,monthly,Patreon,12/30/2024 1:47,2024-12,12/30/2024 1:47,Paid,1/30/2025,1/30/2025,12/11/2025 21:35,346
PATRON_0160,,FALSE,FALSE,Yes,Free,0,0,,Patreon,4/21/2024 8:30,2024-04,,,,,11/5/2025 11:41,731
PATRON_0161,Active patron,TRUE,TRUE,No,Full Rewards,5,85,monthly,Patreon,12/1/2024 7:24,2024-12,4/2/2026 0:44,Paid,,5/2/2026,4/2/2026 8:55,507
PATRON_0162,Former patron,FALSE,TRUE,No,Full Rewards,5,5,monthly,Patreon,8/24/2024 21:57,2024-08,8/24/2024 21:57,Paid,9/25/2024,9/25/2024,10/31/2025 6:00,432
PATRON_0163,Former patron,FALSE,TRUE,No,Full Rewards,7.82,7.82,monthly,Apple in-app subscriptions,7/30/2025 8:56,2025-07,7/30/2025 8:56,Paid,8/30/2025,8/30/2025,10/31/2025 6:00,92
PATRON_0164,Active patron,TRUE,TRUE,No,Full Rewards,5,25,monthly,Patreon,11/26/2025 16:49,2025-11,3/27/2026 0:05,Paid,,4/27/2026,3/27/2026 13:32,147
PATRON_0165,Former patron,FALSE,FALSE,Yes,Free,0,5,monthly,Patreon,9/30/2025 8:36,2025-09,9/30/2025 8:36,Paid,10/31/2025,10/31/2025,11/5/2025 11:41,36
PATRON_0166,Active patron,TRUE,TRUE,No,Full Rewards,5,90,monthly,Patreon,11/10/2024 18:49,2024-11,4/11/2026 0:19,Paid,,5/11/2026,4/11/2026 8:36,528
PATRON_0167,,FALSE,FALSE,Yes,Free,0,0,,Patreon,8/21/2024 12:55,2024-08,,,,,10/30/2025 9:37,609
PATRON_0168,Former patron,FALSE,FALSE,Yes,Free,0,5,monthly,Patreon,8/30/2024 12:46,2024-08,8/30/2024 12:46,Paid,9/30/2024,9/30/2024,11/2/2025 6:50,428
PATRON_0169,,FALSE,FALSE,Yes,Free,0,0,,Patreon,1/22/2026 20:56,2026-01,,,,,1/22/2026 20:56,90
PATRON_0170,Former patron,FALSE,TRUE,No,Full Rewards,5,16.1,monthly,Patreon,4/20/2025 15:06,2025-04,10/31/2025 2:44,Declined,10/2/2025,10/2/2025,12/14/2025 18:06,238
PATRON_0171,Declined patron,FALSE,TRUE,No,Full Rewards,5,15,monthly,Patreon,5/19/2024 19:30,2024-05,7/20/2024 0:25,Paid,8/20/2024,8/20/2024,10/31/2025 6:00,703
PATRON_0172,,FALSE,FALSE,Yes,Free,0,0,,Patreon,4/4/2026 19:02,2026-04,,,,,4/4/2026 19:02,18
PATRON_0173,Former patron,FALSE,TRUE,No,Full Rewards,5,5,monthly,Patreon,11/12/2024 11:51,2024-11,11/12/2024 11:51,Paid,12/13/2024,12/13/2024,12/23/2025 5:22,405
PATRON_0174,Former patron,FALSE,FALSE,Yes,Free,0,5,monthly,Patreon,6/5/2025 21:52,2025-06,8/5/2025 2:42,Declined,7/6/2025,7/6/2025,4/8/2026 22:05,307
PATRON_0175,Active patron,TRUE,TRUE,No,Full Rewards,5,68,monthly,Patreon,9/27/2024 17:08,2024-09,4/8/2026 0:36,Paid,,5/8/2026,4/8/2026 12:48,572
PATRON_0176,Former patron,FALSE,TRUE,No,Full Rewards,5,5,monthly,Patreon,7/15/2024 8:02,2024-07,7/15/2024 8:02,Paid,8/16/2024,8/16/2024,10/31/2025 6:00,472
PATRON_0177,,FALSE,FALSE,Yes,Free,0,0,,Patreon,6/14/2024 8:21,2024-06,,,,,10/31/2025 6:00,677
PATRON_0178,Former patron,FALSE,TRUE,No,Full Rewards,5,2.5,monthly,Patreon,2/13/2025 0:02,2025-02,2/13/2025 0:02,Paid,3/13/2025,3/13/2025,10/30/2025 9:37,259
PATRON_0179,,FALSE,FALSE,Yes,Free,0,0,,Patreon,7/9/2024 16:17,2024-07,,,,,10/30/2025 9:37,652
PATRON_0180,,FALSE,FALSE,Yes,Free,0,0,,Patreon,8/18/2025 14:45,2025-08,,,,,10/30/2025 9:37,247
PATRON_0181,,FALSE,FALSE,Yes,Free,0,0,,Patreon,1/12/2025 17:40,2025-01,,,,,10/31/2025 6:00,465
PATRON_0182,,FALSE,FALSE,Yes,Free,0,0,,Patreon,8/15/2025 17:55,2025-08,,,,,10/30/2025 9:37,250
PATRON_0183,,FALSE,FALSE,Yes,Free,0,0,,Patreon,5/16/2024 5:02,2024-05,,,,,11/2/2025 6:50,706
PATRON_0184,Active patron,TRUE,TRUE,No,Full Rewards,5,5,monthly,Patreon,3/27/2026 16:43,2026-03,3/27/2026 16:43,Paid,,4/27/2026,3/27/2026 18:58,26
PATRON_0185,Former patron,FALSE,TRUE,No,Full Rewards,5,60,monthly,Patreon,11/20/2024 23:36,2024-11,10/21/2025 0:21,Paid,11/21/2025,11/21/2025,11/21/2025 0:17,365
PATRON_0186,Active patron,TRUE,FALSE,Yes,Free,0,75.4,annual,Patreon,7/17/2025 21:20,2025-07,2/28/2026 22:31,Paid,3/1/2027,3/1/2027,3/22/2026 2:43,279
PATRON_0187,Former patron,FALSE,FALSE,Yes,Free,0,5,monthly,Patreon,8/30/2025 1:54,2025-08,8/30/2025 1:55,Paid,9/30/2025,9/30/2025,10/30/2025 9:37,61
PATRON_0188,Former patron,FALSE,TRUE,No,Full Rewards,5,15,monthly,Patreon,7/27/2024 0:47,2024-07,10/3/2024 16:54,Paid,11/4/2024,11/4/2024,11/4/2025 6:42,465
PATRON_0189,Former patron,FALSE,TRUE,No,Full Rewards,8.51,8.51,monthly,Apple in-app subscriptions,4/13/2025 20:52,2025-04,4/13/2025 20:52,Paid,5/13/2025,5/13/2025,11/2/2025 6:50,202
PATRON_0190,Former patron,FALSE,TRUE,No,Full Rewards,5,74,monthly,Patreon,7/6/2024 13:18,2024-07,12/10/2025 0:06,Paid,1/10/2026,1/10/2026,1/10/2026 0:29,552
PATRON_0191,Former patron,FALSE,TRUE,No,Full Rewards,5,285,monthly,Patreon,7/8/2024 22:17,2024-07,12/3/2025 0:07,Paid,1/3/2026,1/3/2026,1/3/2026 0:20,543
PATRON_0192,Active patron,TRUE,TRUE,No,Full Rewards,5,60,monthly,Patreon,5/16/2025 10:26,2025-05,4/17/2026 0:26,Paid,,5/17/2026,4/17/2026 7:08,341
PATRON_0193,,FALSE,FALSE,Yes,Free,0,0,,Patreon,2/18/2026 18:19,2026-02,,,,,2/18/2026 18:19,63
PATRON_0194,Active patron,TRUE,TRUE,No,Full Rewards,5,14.58,monthly,Patreon,8/10/2025 11:17,2025-08,4/21/2026 8:12,Paid,,5/21/2026,4/21/2026 10:27,255
PATRON_0195,,FALSE,FALSE,Yes,Free,0,0,,Patreon,9/29/2025 0:10,2025-09,,,,,11/4/2025 19:37,205
PATRON_0196,Active patron,TRUE,FALSE,Yes,Free,0,72.5,monthly,Patreon,2/3/2025 11:27,2025-02,4/3/2026 0:19,Paid,5/3/2026,5/3/2026,4/13/2026 23:47,443
PATRON_0197,Active patron,TRUE,TRUE,No,Full Rewards,5,10,monthly,Patreon,8/5/2025 0:37,2025-08,4/14/2026 3:26,Paid,,5/14/2026,4/14/2026 5:41,260
PATRON_0198,Former patron,FALSE,TRUE,No,VIP Rewards,10,50,monthly,Patreon,9/19/2024 10:06,2024-09,12/6/2025 15:09,Paid,1/6/2026,1/6/2026,1/6/2026 0:09,473
PATRON_0199,Active patron,TRUE,TRUE,No,Full Rewards,5,35,monthly,Patreon,9/27/2025 20:14,2025-09,3/28/2026 0:28,Paid,,4/28/2026,3/28/2026 8:46,207
PATRON_0200,Former patron,FALSE,FALSE,Yes,Free,0,10,monthly,Patreon,12/3/2025 8:49,2025-12,1/3/2026 0:27,Paid,2/3/2026,2/3/2026,2/3/2026 0:26,61
PATRON_0201,Former patron,FALSE,FALSE,Yes,Free,0,5,monthly,Patreon,11/12/2025 19:30,2025-11,11/12/2025 19:30,Paid,12/12/2025,12/12/2025,12/12/2025 0:44,29
PATRON_0202,Former patron,FALSE,FALSE,Yes,Free,0,2.5,monthly,Patreon,10/29/2024 22:04,2024-10,10/29/2024 22:04,Paid,11/30/2024,11/30/2024,11/2/2025 6:50,368
PATRON_0203,Active patron,TRUE,TRUE,No,Full Rewards,5,30,monthly,Patreon,11/14/2025 11:46,2025-11,4/16/2026 8:00,Paid,,5/15/2026,4/17/2026 7:08,159
PATRON_0204,Former patron,FALSE,TRUE,No,Full Rewards,5,5,monthly,Patreon,1/6/2025 1:03,2025-01,1/6/2025 1:03,Paid,2/6/2025,2/6/2025,11/4/2025 6:42,302
PATRON_0205,,FALSE,FALSE,Yes,Free,0,0,,Patreon,2/19/2025 14:20,2025-02,,,,,11/2/2025 6:50,427
PATRON_0206,Former patron,FALSE,TRUE,No,Full Rewards,5,15,monthly,Patreon,10/17/2024 4:44,2024-10,12/7/2025 15:14,Paid,1/8/2026,1/8/2026,1/8/2026 0:15,447
PATRON_0207,Declined patron,FALSE,TRUE,No,Full Rewards,5,0,monthly,Patreon,10/27/2024 5:47,2024-10,,,11/28/2024,11/28/2024,11/5/2025 11:41,542
PATRON_0208,Former patron,FALSE,TRUE,No,Full Rewards,5,48.24,monthly,Patreon,6/19/2024 13:04,2024-06,2/19/2025 0:53,Paid,3/19/2025,3/19/2025,11/2/2025 6:50,500
PATRON_0209,Former patron,FALSE,TRUE,No,Full Rewards,5,50,monthly,Patreon,1/6/2025 11:46,2025-01,10/22/2025 10:49,Paid,11/6/2025,11/6/2025,11/6/2025 0:29,303
PATRON_0210,Former patron,FALSE,FALSE,Yes,Free,0,5,monthly,Patreon,2/17/2025 16:57,2025-02,2/17/2025 16:58,Paid,3/18/2025,3/18/2025,10/31/2025 6:00,255
PATRON_0211,Declined patron,FALSE,TRUE,No,Full Rewards,5,5,monthly,Patreon,3/15/2026 23:47,2026-03,4/16/2026 0:33,Declined,4/16/2026,4/16/2026,4/16/2026 0:33,38
PATRON_0212,,FALSE,FALSE,Yes,Free,0,0,,Patreon,9/21/2024 10:38,2024-09,,,,,11/4/2025 6:42,578
PATRON_0213,Former patron,FALSE,FALSE,Yes,Free,0,12.5,monthly,Apple in-app subscriptions,1/28/2025 6:05,2025-01,3/22/2025 4:46,Paid,4/22/2025,4/22/2025,11/4/2025 6:42,280
PATRON_0214,Former patron,FALSE,FALSE,Yes,Free,0,3,monthly,Patreon,5/3/2025 21:00,2025-05,5/3/2025 21:00,Paid,6/4/2025,6/4/2025,11/5/2025 11:41,185
PATRON_0215,Former patron,FALSE,FALSE,Yes,Free,0,5,monthly,Patreon,9/23/2024 20:00,2024-09,9/23/2024 20:00,Paid,10/24/2024,10/24/2024,3/18/2026 20:43,541
PATRON_0216,Former patron,FALSE,FALSE,Yes,Free,0,10,monthly,Patreon,3/20/2025 5:34,2025-03,5/2/2025 3:08,Paid,5/21/2025,5/21/2025,10/31/2025 6:00,225
PATRON_0217,Former patron,FALSE,FALSE,Yes,Free,0,47.5,monthly,Patreon,2/2/2025 3:41,2025-02,11/2/2025 0:38,Paid,12/2/2025,12/2/2025,12/2/2025 0:17,302
PATRON_0218,,FALSE,FALSE,Yes,Free,0,0,,Patreon,8/27/2025 11:04,2025-08,,,,,10/31/2025 6:00,238
PATRON_0219,,FALSE,FALSE,Yes,Free,0,0,,Patreon,3/20/2025 1:06,2025-03,,,,,10/30/2025 9:37,398
PATRON_0220,Former patron,FALSE,TRUE,No,Full Rewards,5,6.26,monthly,Patreon,6/9/2024 9:15,2024-06,6/9/2024 9:15,Paid,7/9/2024,7/9/2024,11/4/2025 6:42,512
PATRON_0221,Former patron,FALSE,FALSE,Yes,Free,0,25,monthly,Patreon,1/20/2025 15:47,2025-01,5/21/2025 1:24,Paid,6/21/2025,6/21/2025,11/2/2025 6:50,285
PATRON_0222,Former patron,FALSE,FALSE,Yes,Free,0,10,monthly,Patreon,1/12/2026 11:12,2026-01,2/12/2026 0:16,Paid,3/12/2026,3/12/2026,3/12/2026 0:18,58
PATRON_0223,Former patron,FALSE,FALSE,Yes,Free,0,30,monthly,Patreon,8/27/2024 21:45,2024-08,1/28/2025 0:38,Paid,2/28/2025,2/28/2025,11/4/2025 6:42,433
PATRON_0224,,FALSE,FALSE,Yes,Free,0,0,,Patreon,9/8/2024 23:50,2024-09,,,,,11/4/2025 6:42,591
PATRON_0225,,FALSE,FALSE,Yes,Free,0,0,,Patreon,6/27/2025 0:09,2025-06,,,,,11/2/2025 6:50,299
PATRON_0226,Active patron,TRUE,TRUE,No,Full Rewards,5,35,monthly,Patreon,10/8/2025 21:26,2025-10,4/9/2026 0:31,Paid,,5/9/2026,4/9/2026 14:02,196
PATRON_0227,Former patron,FALSE,FALSE,Yes,Free,0,5,monthly,Patreon,8/3/2025 15:12,2025-08,10/3/2025 2:55,Declined,9/4/2025,9/4/2025,4/8/2026 22:07,248
PATRON_0228,Former patron,FALSE,FALSE,Yes,Free,0,3,monthly,Patreon,10/18/2025 4:38,2025-10,10/18/2025 4:38,Paid,11/19/2025,11/19/2025,11/19/2025 0:38,31
PATRON_0229,Former patron,FALSE,FALSE,Yes,Free,0,5.27,monthly,Patreon,10/7/2025 15:25,2025-10,10/7/2025 15:25,Paid,11/7/2025,11/7/2025,11/7/2025 0:58,30
PATRON_0230,Former patron,FALSE,FALSE,Yes,Free,0,2.5,monthly,Patreon,2/2/2025 19:53,2025-02,2/2/2025 19:53,Paid,3/2/2025,3/2/2025,11/2/2025 6:50,272
PATRON_0231,Former patron,FALSE,FALSE,Yes,Free,0,10,monthly,Patreon,12/13/2024 16:34,2024-12,1/14/2025 0:32,Paid,2/14/2025,2/14/2025,10/30/2025 9:37,320
PATRON_0232,Active patron,TRUE,TRUE,No,Full Rewards,5,5,monthly,Patreon,3/29/2026 1:25,2026-03,3/29/2026 1:25,Paid,,4/29/2026,3/29/2026 3:40,24
PATRON_0233,Former patron,FALSE,TRUE,No,Full Rewards,5,10,monthly,Patreon,5/29/2025 23:34,2025-05,6/30/2025 0:07,Paid,7/30/2025,7/30/2025,11/4/2025 6:42,158
PATRON_0234,Declined patron,FALSE,FALSE,Yes,Free,0,0,monthly,Patreon,3/1/2026 4:17,2026-03,,,4/17/2026,4/17/2026,3/16/2026 23:31,52
PATRON_0235,Former patron,FALSE,FALSE,Yes,Free,0,5,monthly,Patreon,11/24/2024 0:50,2024-11,11/24/2024 0:50,Paid,12/24/2024,12/24/2024,11/4/2025 6:42,345
PATRON_0236,Active patron,TRUE,TRUE,No,Full Rewards,5,80,monthly,Patreon,1/16/2025 8:25,2025-01,4/17/2026 0:34,Paid,,5/17/2026,4/17/2026 7:08,461
PATRON_0237,Former patron,FALSE,TRUE,No,Full Rewards,5,15,monthly,Patreon,8/27/2025 16:18,2025-08,12/8/2025 16:00,Paid,1/9/2026,1/9/2026,1/9/2026 0:50,134
PATRON_0238,Former patron,FALSE,TRUE,No,Full Rewards,5,10,monthly,Patreon,4/21/2025 5:40,2025-04,7/18/2025 2:26,Declined,6/22/2025,6/22/2025,12/3/2025 7:33,226
PATRON_0239,Former patron,FALSE,FALSE,Yes,Free,0,30,monthly,Patreon,10/13/2025 4:44,2025-10,3/13/2026 0:16,Paid,4/13/2026,4/13/2026,4/13/2026 0:32,181
PATRON_0240,Former patron,FALSE,FALSE,Yes,Free,0,12,monthly,Patreon,2/27/2025 5:27,2025-02,6/16/2025 0:47,Paid,7/16/2025,7/16/2025,11/4/2025 6:42,250
PATRON_0241,,FALSE,FALSE,Yes,Free,0,0,,Patreon,1/30/2025 14:25,2025-01,,,,,10/31/2025 6:00,447
PATRON_0242,,FALSE,FALSE,Yes,Free,0,0,,Patreon,4/3/2025 23:36,2025-04,,,,,11/4/2025 6:42,384
PATRON_0243,Active patron,TRUE,TRUE,No,Full Rewards,5,50,monthly,Patreon,7/6/2025 2:38,2025-07,4/6/2026 0:29,Paid,,5/6/2026,4/6/2026 9:27,290
PATRON_0244,Former patron,FALSE,FALSE,Yes,Free,0,5,monthly,Patreon,1/15/2025 17:27,2025-01,1/15/2025 17:27,Paid,2/15/2025,2/15/2025,10/30/2025 9:37,287
PATRON_0245,Former patron,FALSE,FALSE,Yes,Free,0,5,monthly,Patreon,11/25/2024 3:03,2024-11,11/25/2024 3:03,Paid,12/25/2024,12/25/2024,11/5/2025 11:41,345
PATRON_0246,,FALSE,FALSE,Yes,Free,0,0,,Patreon,5/4/2025 20:24,2025-05,,,,,10/30/2025 9:37,353
PATRON_0247,,FALSE,FALSE,Yes,Free,0,0,,Patreon,4/20/2025 3:34,2025-04,,,,,10/31/2025 6:00,367
PATRON_0248,Former patron,FALSE,FALSE,Yes,Free,0,45,monthly,Patreon,11/6/2024 17:42,2024-11,7/6/2025 0:26,Paid,8/6/2025,8/6/2025,11/2/2025 6:50,360
PATRON_0249,Active patron,TRUE,TRUE,No,Full Rewards,5,90,monthly,Patreon,11/11/2024 19:20,2024-11,4/12/2026 0:15,Paid,,5/12/2026,4/12/2026 5:50,527
PATRON_0250,Active patron,TRUE,TRUE,No,Commission,60,804,monthly,Patreon,8/13/2025 11:38,2025-08,3/31/2026 6:35,Paid,,4/30/2026,3/31/2026 8:50,252
PATRON_0251,,FALSE,FALSE,Yes,Free,0,0,,Patreon,11/9/2024 10:02,2024-11,,,,,11/2/2025 6:50,529
PATRON_0252,,FALSE,FALSE,Yes,Free,0,0,,Patreon,7/27/2025 22:30,2025-07,,,,,11/5/2025 11:41,269
PATRON_0253,,FALSE,FALSE,Yes,Free,0,0,,Patreon,7/27/2024 6:27,2024-07,,,,,11/4/2025 6:42,634
PATRON_0254,,FALSE,FALSE,Yes,Free,0,0,,Patreon,9/7/2025 12:52,2025-09,,,,,11/4/2025 6:42,227
PATRON_0255,Former patron,FALSE,FALSE,Yes,Free,0,10,monthly,Patreon,9/8/2024 17:24,2024-09,10/8/2024 1:01,Paid,11/8/2024,11/8/2024,10/31/2025 6:00,417
PATRON_0256,Former patron,FALSE,TRUE,No,Full Rewards,5,5,monthly,Patreon,11/27/2025 15:14,2025-11,11/27/2025 15:14,Paid,12/27/2025,12/27/2025,12/27/2025 0:52,29
PATRON_0257,,FALSE,FALSE,Yes,Free,0,0,,Patreon,5/4/2025 20:53,2025-05,,,,,11/2/2025 6:50,353
PATRON_0258,Former patron,FALSE,TRUE,No,Full Rewards,5,25,monthly,Patreon,1/28/2025 19:41,2025-01,6/3/2025 1:35,Paid,7/3/2025,7/3/2025,11/2/2025 6:50,277
PATRON_0259,,FALSE,FALSE,Yes,Free,0,0,,Patreon,3/31/2026 7:28,2026-03,,,,,3/31/2026 7:28,22
PATRON_0260,,FALSE,FALSE,Yes,Free,0,0,,Patreon,8/13/2024 8:43,2024-08,,,,,10/30/2025 9:37,617
PATRON_0261,Active patron,TRUE,TRUE,No,Full Rewards,50.4,50.4,annual,Patreon,2/19/2026 22:12,2026-02,2/19/2026 22:12,Paid,,2/20/2027,2/20/2026 0:27,62
PATRON_0262,,FALSE,FALSE,Yes,Free,0,0,,Patreon,10/28/2025 9:15,2025-10,,,,,11/5/2025 11:41,176
PATRON_0263,,FALSE,FALSE,Yes,Free,0,0,,Patreon,10/11/2024 15:23,2024-10,,,,,10/30/2025 9:37,558
PATRON_0264,Former patron,FALSE,TRUE,No,Full Rewards,5,11,monthly,Patreon,11/12/2024 14:39,2024-11,12/13/2024 1:00,Paid,1/13/2025,1/13/2025,11/2/2025 6:50,354
PATRON_0265,Former patron,FALSE,FALSE,Yes,Free,0,5.45,monthly,Patreon,9/28/2025 7:32,2025-09,11/28/2025 3:16,Declined,10/29/2025,10/29/2025,4/8/2026 22:06,192
PATRON_0266,,FALSE,FALSE,Yes,Free,0,0,,Patreon,6/24/2025 13:25,2025-06,,,,,10/31/2025 6:00,302
PATRON_0267,,FALSE,FALSE,Yes,Free,0,0,,Patreon,8/30/2024 3:29,2024-08,,,,,11/4/2025 6:42,600
PATRON_0268,,FALSE,FALSE,Yes,Free,0,0,,Patreon,9/20/2025 23:21,2025-09,,,,,11/4/2025 6:42,214
PATRON_0269,Former patron,FALSE,TRUE,No,Full Rewards,5,6.32,monthly,Patreon,2/28/2026 16:40,2026-02,2/28/2026 16:40,Paid,3/29/2026,3/29/2026,3/29/2026 0:06,28
PATRON_0270,,FALSE,FALSE,Yes,Free,0,0,,Patreon,8/17/2025 23:35,2025-08,,,,,10/30/2025 9:37,248
PATRON_0271,Active patron,TRUE,TRUE,No,Full Rewards,5,39.19,monthly,Patreon,10/12/2025 21:42,2025-10,4/13/2026 0:26,Paid,,5/13/2026,4/13/2026 7:04,192
PATRON_0272,Former patron,FALSE,FALSE,Yes,Free,0,5,monthly,Patreon,2/12/2026 17:06,2026-02,2/12/2026 17:07,Paid,3/13/2026,3/13/2026,3/13/2026 0:05,28
PATRON_0273,,FALSE,FALSE,Yes,Free,0,0,,Patreon,12/16/2024 13:52,2024-12,,,,,10/30/2025 9:37,492
PATRON_0274,,FALSE,FALSE,Yes,Free,0,0,,Patreon,6/12/2024 17:11,2024-06,,,,,10/31/2025 6:00,679
PATRON_0275,,FALSE,FALSE,Yes,Free,0,0,,Patreon,5/2/2024 5:35,2024-05,,,,,10/31/2025 6:00,720
PATRON_0276,,FALSE,FALSE,Yes,Free,0,0,,Patreon,7/22/2024 13:14,2024-07,,,,,11/2/2025 7:19,639
PATRON_0277,Former patron,FALSE,TRUE,No,Full Rewards,5,11.83,monthly,Patreon,9/1/2024 7:11,2024-09,4/1/2025 8:47,Paid,5/1/2025,5/1/2025,11/4/2025 11:21,429
PATRON_0278,Former patron,FALSE,TRUE,No,Full Rewards,5,595,monthly,Patreon,7/16/2024 5:52,2024-07,11/19/2024 17:58,Paid,12/20/2024,12/20/2024,10/31/2025 5:57,472
PATRON_0279,Former patron,FALSE,TRUE,No,Full Rewards,7.5,7.5,monthly,Apple in-app subscriptions,3/17/2025 2:13,2025-03,3/17/2025 2:13,Paid,4/17/2025,4/17/2025,10/30/2025 10:23,227
PATRON_0280,Former patron,FALSE,FALSE,Yes,Free,0,4.03,monthly,Patreon,8/12/2025 12:36,2025-08,8/12/2025 12:36,Paid,9/12/2025,9/12/2025,10/30/2025 10:23,78
PATRON_0281,Former patron,FALSE,TRUE,No,Full Rewards,5,5.5,monthly,Patreon,11/21/2025 8:52,2025-11,11/21/2025 8:52,Paid,12/21/2025,12/21/2025,1/26/2026 3:07,65
PATRON_0282,Active patron,TRUE,TRUE,No,Full Rewards,5,5,monthly,Patreon,4/11/2026 22:55,2026-04,4/11/2026 22:55,Paid,,5/12/2026,4/12/2026 1:10,11
PATRON_0283,Active patron,TRUE,TRUE,No,Full Rewards,5,5.48,monthly,Patreon,4/19/2026 21:37,2026-04,4/19/2026 21:37,Paid,,5/20/2026,4/19/2026 23:53,3
PATRON_0284,Former patron,FALSE,FALSE,Yes,Free,0,5,monthly,Patreon,3/27/2025 20:41,2025-03,3/27/2025 20:41,Paid,4/28/2025,4/28/2025,11/2/2025 7:19,219
PATRON_0285,,FALSE,FALSE,Yes,Free,0,0,,Patreon,8/28/2024 1:39,2024-08,,,,,10/31/2025 5:57,602
PATRON_0286,,FALSE,FALSE,Yes,Free,0,0,,Patreon,6/15/2025 22:08,2025-06,,,,,12/31/2025 14:51,311
PATRON_0287,,FALSE,FALSE,Yes,Free,0,0,,Patreon,8/10/2025 6:54,2025-08,,,,,11/2/2025 7:19,255
PATRON_0288,,FALSE,FALSE,Yes,Free,0,0,,Patreon,1/2/2025 9:23,2025-01,,,,,11/2/2025 7:19,475
PATRON_0289,,FALSE,FALSE,Yes,Free,0,0,,Patreon,3/22/2025 22:03,2025-03,,,,,3/8/2026 20:08,396
PATRON_0290,Former patron,FALSE,FALSE,Yes,Free,0,4.69,monthly,Patreon,6/13/2025 21:07,2025-06,6/13/2025 21:07,Paid,7/14/2025,7/14/2025,10/30/2025 10:23,138
PATRON_0291,,FALSE,FALSE,Yes,Free,0,0,,Patreon,10/16/2025 17:48,2025-10,,,,,11/5/2025 11:43,188
PATRON_0292,Active patron,TRUE,TRUE,No,Full Rewards,5,45,monthly,Patreon,12/16/2024 9:22,2024-12,3/27/2026 0:09,Paid,,4/27/2026,3/27/2026 12:25,492
PATRON_0293,Former patron,FALSE,FALSE,Yes,Free,0,20,monthly,Patreon,7/4/2025 19:38,2025-07,12/3/2025 2:59,Declined,11/5/2025,11/5/2025,4/8/2026 22:05,278
PATRON_0294,Former patron,FALSE,TRUE,No,VIP Rewards,10,57.5,monthly,Patreon,12/26/2024 23:56,2024-12,10/18/2025 0:16,Paid,11/18/2025,11/18/2025,11/18/2025 0:49,326
PATRON_0295,,FALSE,FALSE,Yes,Free,0,0,,Patreon,10/28/2024 7:07,2024-10,,,,,10/31/2025 5:57,541
PATRON_0296,Former patron,FALSE,TRUE,No,Full Rewards,5,14.96,monthly,Patreon,3/9/2025 22:53,2025-03,9/26/2025 20:21,Paid,10/26/2025,10/26/2025,11/4/2025 11:21,239
PATRON_0297,,FALSE,FALSE,Yes,Free,0,0,,Patreon,8/5/2025 0:09,2025-08,,,,,11/2/2025 7:19,260
PATRON_0298,,FALSE,FALSE,Yes,Free,0,0,,Patreon,5/6/2025 8:41,2025-05,,,,,10/31/2025 5:57,351
PATRON_0299,,FALSE,FALSE,Yes,Free,0,0,,Patreon,7/28/2025 22:08,2025-07,,,,,10/30/2025 10:23,268
PATRON_0300,,FALSE,FALSE,Yes,Free,0,0,,Patreon,7/26/2025 5:52,2025-07,,,,,11/4/2025 11:21,270
PATRON_0301,,FALSE,FALSE,Yes,Free,0,0,,Patreon,2/2/2025 14:17,2025-02,,,,,11/5/2025 11:43,444
PATRON_0302,Former patron,FALSE,TRUE,No,Full Rewards,5,15,monthly,Patreon,7/9/2025 9:45,2025-07,9/12/2025 3:09,Paid,10/10/2025,10/10/2025,11/5/2025 11:43,119
PATRON_0303,Former patron,FALSE,TRUE,No,Full Rewards,5,5.04,monthly,Patreon,6/14/2025 9:07,2025-06,6/14/2025 9:07,Paid,7/14/2025,7/14/2025,11/4/2025 11:21,143
PATRON_0304,Former patron,FALSE,FALSE,Yes,Free,0,4.94,monthly,Patreon,1/11/2025 16:25,2025-01,1/11/2025 16:25,Paid,2/12/2025,2/12/2025,11/4/2025 11:21,296
PATRON_0305,Active patron,TRUE,TRUE,No,Full Rewards,5,15,monthly,Patreon,2/18/2026 22:39,2026-02,4/19/2026 0:26,Paid,,5/19/2026,4/19/2026 7:34,63
PATRON_0306,Former patron,FALSE,TRUE,No,Full Rewards,5,5.32,monthly,Patreon,2/19/2026 1:01,2026-02,2/19/2026 1:01,Paid,3/19/2026,3/19/2026,3/19/2026 0:51,27
PATRON_0307,Former patron,FALSE,TRUE,No,Full Rewards,5,35,monthly,Patreon,12/30/2024 4:07,2024-12,6/28/2025 0:45,Paid,7/28/2025,7/28/2025,11/2/2025 7:19,307
PATRON_0308,Former patron,FALSE,TRUE,No,Full Rewards,5,4,monthly,Patreon,6/8/2025 16:04,2025-06,6/8/2025 16:05,Paid,7/9/2025,7/9/2025,11/2/2025 7:19,146
PATRON_0309,Former patron,FALSE,TRUE,No,Full Rewards,5,5,monthly,Patreon,6/29/2025 4:35,2025-06,6/29/2025 4:35,Paid,7/29/2025,7/29/2025,11/4/2025 11:21,128
PATRON_0310,,FALSE,FALSE,Yes,Free,0,0,,Patreon,1/16/2025 23:16,2025-01,,,,,11/4/2025 11:21,461
PATRON_0311,,FALSE,FALSE,Yes,Free,0,0,,Patreon,3/9/2026 7:54,2026-03,,,,,3/9/2026 7:54,44
PATRON_0312,,FALSE,FALSE,Yes,Free,0,0,,Patreon,2/7/2026 1:19,2026-02,,,,,2/7/2026 1:19,74
PATRON_0313,,FALSE,FALSE,Yes,Free,0,0,,Patreon,2/10/2025 22:37,2025-02,,,,,11/4/2025 11:21,436
PATRON_0314,,FALSE,FALSE,Yes,Free,0,0,,Patreon,2/7/2026 2:07,2026-02,,,,,2/7/2026 2:07,74
PATRON_0315,,FALSE,FALSE,Yes,Free,0,0,,Patreon,3/20/2026 7:06,2026-03,,,,,3/20/2026 7:06,33
PATRON_0316,Former patron,FALSE,FALSE,Yes,Free,0,5,monthly,Patreon,7/3/2025 5:37,2025-07,7/3/2025 5:41,Paid,8/4/2025,8/4/2025,11/5/2025 11:43,125
PATRON_0317,Former patron,FALSE,TRUE,No,Full Rewards,5,3.26,monthly,Patreon,10/22/2025 6:32,2025-10,10/22/2025 6:32,Paid,11/23/2025,11/23/2025,11/23/2025 0:05,31
PATRON_0318,Active patron,TRUE,TRUE,No,Full Rewards,5,10,monthly,Patreon,3/7/2026 16:16,2026-03,4/8/2026 0:26,Paid,,5/8/2026,4/8/2026 12:48,46
PATRON_0319,Former patron,FALSE,FALSE,Yes,Free,0,15,monthly,Patreon,7/2/2025 7:05,2025-07,9/3/2025 0:10,Paid,10/3/2025,10/3/2025,11/2/2025 7:19,123
PATRON_0320,Former patron,FALSE,TRUE,No,Full Rewards,7.5,7.5,monthly,Apple in-app subscriptions,5/7/2025 7:47,2025-05,5/7/2025 7:47,Paid,6/7/2025,6/7/2025,11/2/2025 7:19,178
PATRON_0321,Former patron,FALSE,FALSE,Yes,Free,0,3.81,monthly,Patreon,5/4/2025 4:12,2025-05,5/4/2025 4:13,Paid,6/4/2025,6/4/2025,11/5/2025 11:43,185
PATRON_0322,Former patron,FALSE,FALSE,Yes,Free,0,5.14,monthly,Patreon,3/15/2026 22:05,2026-03,3/15/2026 22:05,Paid,4/15/2026,4/15/2026,4/15/2026 0:08,30
PATRON_0323,Former patron,FALSE,TRUE,No,Full Rewards,8.03,8.03,monthly,Apple in-app subscriptions,1/4/2026 15:50,2026-01,1/4/2026 15:50,Paid,2/4/2026,2/4/2026,2/4/2026 0:10,30
PATRON_0324,Active patron,TRUE,TRUE,No,Full Rewards,5,20,monthly,Patreon,1/18/2026 7:22,2026-01,4/19/2026 0:03,Paid,,5/19/2026,4/19/2026 7:34,94
PATRON_0325,Active patron,TRUE,FALSE,Yes,Free,0,37.5,monthly,Patreon,4/19/2025 8:58,2025-04,3/28/2026 10:59,Paid,4/29/2026,4/29/2026,4/9/2026 21:52,368
PATRON_0326,,FALSE,FALSE,Yes,Free,0,0,,Patreon,5/18/2025 2:52,2025-05,,,,,11/5/2025 11:43,339
PATRON_0327,Former patron,FALSE,TRUE,No,Full Rewards,5,10,monthly,Patreon,11/18/2025 6:00,2025-11,12/24/2025 7:25,Paid,1/24/2026,1/24/2026,1/24/2026 0:52,66
PATRON_0328,Former patron,FALSE,TRUE,No,Full Rewards,5,5,monthly,Patreon,8/19/2025 5:38,2025-08,8/19/2025 5:38,Paid,9/20/2025,9/20/2025,10/30/2025 10:23,72
PATRON_0329,,FALSE,FALSE,Yes,Free,0,0,,Patreon,8/18/2025 11:38,2025-08,,,,,10/31/2025 5:57,247
PATRON_0330,Active patron,TRUE,TRUE,No,Full Rewards,5,5,monthly,Patreon,3/28/2026 9:20,2026-03,3/28/2026 9:20,Paid,,4/29/2026,3/28/2026 11:35,25
PATRON_0331,,FALSE,FALSE,Yes,Free,0,0,,Patreon,6/17/2025 0:28,2025-06,,,,,11/2/2025 7:19,309
PATRON_0332,Active patron,TRUE,TRUE,No,VIP Rewards,10,30,monthly,Patreon,12/29/2025 15:53,2025-12,4/6/2026 23:37,Paid,,4/29/2026,4/7/2026 6:36,114
PATRON_0333,Former patron,FALSE,TRUE,No,Full Rewards,5,5.22,monthly,Patreon,1/19/2026 6:05,2026-01,1/19/2026 6:05,Paid,2/19/2026,2/19/2026,2/19/2026 0:04,30
PATRON_0334,Former patron,FALSE,FALSE,Yes,Free,0,5,monthly,Patreon,8/16/2025 3:39,2025-08,8/16/2025 3:39,Paid,9/16/2025,9/16/2025,11/4/2025 11:21,80
PATRON_0335,Former patron,FALSE,FALSE,Yes,Free,0,10,monthly,Patreon,11/12/2025 3:41,2025-11,12/19/2025 3:28,Paid,1/12/2026,1/12/2026,1/12/2026 0:14,60
PATRON_0336,,FALSE,FALSE,Yes,Free,0,0,,Patreon,8/4/2025 15:50,2025-08,,,,,10/30/2025 10:23,261
PATRON_0337,Active patron,TRUE,TRUE,No,Full Rewards,5,20,monthly,Patreon,12/28/2025 5:30,2025-12,3/30/2026 7:36,Paid,,4/28/2026,3/30/2026 10:36,115
PATRON_0338,Former patron,FALSE,FALSE,Yes,Free,0,16.21,monthly,Patreon,10/29/2025 2:53,2025-10,12/30/2025 0:08,Paid,1/30/2026,1/30/2026,1/30/2026 0:25,92
PATRON_0339,Active patron,TRUE,TRUE,No,Full Rewards,5,47.36,monthly,Patreon,7/28/2025 11:23,2025-07,3/28/2026 0:57,Paid,,4/28/2026,3/28/2026 8:45,268
PATRON_0340,Active patron,TRUE,FALSE,Yes,Free,0,23.75,monthly,Patreon,8/10/2025 12:24,2025-08,3/29/2026 11:27,Paid,4/30/2026,4/30/2026,4/11/2026 22:16,255
PATRON_0341,,FALSE,FALSE,Yes,Free,0,0,,Patreon,7/31/2025 14:13,2025-07,,,,,10/31/2025 5:57,265
PATRON_0342,Former patron,FALSE,FALSE,Yes,Free,0,5.21,monthly,Patreon,10/14/2025 1:06,2025-10,10/14/2025 1:06,Paid,11/14/2025,11/14/2025,11/14/2025 0:33,30
PATRON_0343,Active patron,TRUE,TRUE,No,VIP Rewards,10,25,monthly,Patreon,10/11/2025 1:57,2025-10,4/8/2026 16:25,Paid,5/9/2026,5/9/2026,4/17/2026 16:41,193
PATRON_0344,Former patron,FALSE,FALSE,Yes,Free,0,10,monthly,Patreon,1/17/2026 20:58,2026-01,3/14/2026 6:33,Paid,4/14/2026,4/14/2026,4/14/2026 0:40,86
PATRON_0345,,FALSE,FALSE,Yes,Free,0,0,,Patreon,1/7/2026 11:21,2026-01,,,,,1/7/2026 11:21,105
PATRON_0346,,FALSE,FALSE,Yes,Free,0,0,,Patreon,4/13/2026 5:13,2026-04,,,,,4/13/2026 5:13,9
PATRON_0347,Former patron,FALSE,FALSE,Yes,Free,0,5,monthly,Patreon,12/22/2025 12:36,2025-12,12/22/2025 12:36,Paid,1/22/2026,1/22/2026,1/22/2026 0:55,30
PATRON_0348,Active patron,TRUE,TRUE,No,Full Rewards,5,5,monthly,Patreon,4/19/2026 15:24,2026-04,4/19/2026 15:24,Paid,,5/20/2026,4/19/2026 17:39,3
PATRON_0349,Former patron,FALSE,FALSE,Yes,Free,0,10,monthly,Patreon,2/15/2026 23:15,2026-02,4/15/2026 3:06,Declined,3/16/2026,3/16/2026,4/16/2026 0:32,59
PATRON_0350,Active patron,TRUE,TRUE,No,Full Rewards,5,5,monthly,Patreon,4/11/2026 5:49,2026-04,4/11/2026 5:49,Paid,,5/11/2026,4/11/2026 8:04,11
PATRON_0351,Former patron,FALSE,FALSE,Yes,Free,0,5,monthly,Patreon,3/1/2026 18:40,2026-03,3/3/2026 22:50,Paid,4/4/2026,4/4/2026,4/4/2026 0:10,33
PATRON_0352,Former patron,FALSE,FALSE,Yes,Free,0,5.22,monthly,Patreon,1/19/2026 0:20,2026-01,1/19/2026 0:20,Paid,2/19/2026,2/19/2026,2/19/2026 0:09,30
PATRON_0353,Active patron,TRUE,TRUE,No,Full Rewards,5,5,monthly,Patreon,4/5/2026 7:19,2026-04,4/5/2026 7:19,Paid,,5/6/2026,4/5/2026 9:34,17
PATRON_0354,Former patron,FALSE,FALSE,Yes,Free,0,10,monthly,Patreon,2/21/2026 7:17,2026-02,3/22/2026 0:38,Paid,4/22/2026,4/22/2026,4/22/2026 0:05,59
PATRON_0355,Former patron,FALSE,FALSE,Yes,Free,0,25,monthly,Patreon,1/21/2026 14:22,2026-01,1/21/2026 14:22,Paid,2/22/2026,2/22/2026,2/22/2026 0:24,31
PATRON_0356,Declined patron,FALSE,TRUE,No,Full Rewards,5,10.96,monthly,Patreon,1/23/2026 17:51,2026-01,4/21/2026 2:48,Declined,3/24/2026,3/24/2026,4/21/2026 2:49,89
PATRON_0357,Former patron,FALSE,FALSE,Yes,Free,0,5,monthly,Patreon,2/10/2026 16:37,2026-02,4/7/2026 3:33,Declined,3/10/2026,3/10/2026,4/10/2026 1:01,58
PATRON_0358,Active patron,TRUE,TRUE,No,Full Rewards,5,5,monthly,Patreon,4/1/2026 5:20,2026-04,4/1/2026 5:20,Paid,,5/2/2026,4/1/2026 7:36,21
PATRON_0359,Active patron,TRUE,TRUE,No,Full Rewards,5,5,monthly,Patreon,4/16/2026 13:59,2026-04,4/16/2026 13:59,Paid,,5/16/2026,4/20/2026 5:21,6
